,,1-DIV4-1,10-DIV4-10,100-DIV4-100,101-DIV4-101,102-DIV4-102,103-DIV4-103,104-DIV4-104,105-DIV4-105,106-DIV4-106,107-DIV4-107,108-DIV4-108,109-DIV4-109,11-DIV4-11,110-DIV4-110,111-DIV4-111,112-DIV4-112,113-DIV4-113,114-DIV4-114,115-DIV4-115,116-DIV4-116,117-DIV4-117,118-DIV4-118,119-DIV4-119,12-DIV4-12,120-DIV4-120,121-DIV4-121,122-DIV4-122,123-DIV4-123,124-DIV4-124,125-DIV4-125,13-DIV4-13,14-DIV4-14,15-DIV4-15,16-DIV4-16,17-DIV4-17,18-DIV4-18,19-DIV4-19,2-DIV4-2,20-DIV4-20,21-DIV4-21,22-DIV4-22,23-DIV4-23,24-DIV4-24,25-DIV4-25,26-DIV4-26,27-DIV4-27,28-DIV4-28,29-DIV4-29,3-DIV4-3,30-DIV4-30,31-DIV4-31,32-DIV4-32,33-DIV4-33,34-DIV4-34,35-DIV4-35,36-DIV4-36,37-DIV4-37,38-DIV4-38,39-DIV4-39,4-DIV4-4,40-DIV4-40,41-DIV4-41,42-DIV4-42,43-DIV4-43,44-DIV4-44,45-DIV4-45,46-DIV4-46,47-DIV4-47,48-DIV4-48,49-DIV4-49,5-DIV4-5,50-DIV4-50,51-DIV4-51,52-DIV4-52,53-DIV4-53,54-DIV4-54,55-DIV4-55,56-DIV4-56,57-DIV4-57,58-DIV4-58,59-DIV4-59,6-DIV4-6,60-DIV4-60,61-DIV4-61,62-DIV4-62,63-DIV4-63,64-DIV4-64,65-DIV4-65,66-DIV4-66,67-DIV4-67,68-DIV4-68,69-DIV4-69,7-DIV4-7,70-DIV4-70,71-DIV4-71,72-DIV4-72,73-DIV4-73,74-DIV4-74,75-DIV4-75,76-DIV4-76,77-DIV4-77,78-DIV4-78,79-DIV4-79,8-DIV4-8,80-DIV4-80,81-DIV4-81,82-DIV4-82,83-DIV4-83,84-DIV4-84,85-DIV4-85,86-DIV4-86,87-DIV4-87,88-DIV4-88,89-DIV4-89,9-DIV4-9,90-DIV4-90,91-DIV4-91,92-DIV4-92,93-DIV4-93,94-DIV4-94,95-DIV4-95,96-DIV4-96,97-DIV4-97,98-DIV4-98,99-DIV4-99,S002-2018-DIV4-2,S003-2018-DIV4-3,S004-2018-DIV4-4,S005-2018-DIV4-5,S006-2018-DIV4-6,S007-2018-DIV4-7,S008-2018-DIV4-8,S009-2018-DIV4-9,S010-2018-DIV4-10,S011-2018-DIV4-11,S012-2018-DIV4-12,S013-2018-DIV4-13,S014-2018-DIV4-14,S015-2018-DIV4-15,S016-2018-DIV4-16,S017-2018-DIV4-17,S018-2018-DIV4-18,S019-2018-DIV4-19,S020-2018-DIV4-20,S021-2018-DIV4-21,S022-2018-DIV4-22,S023-2018-DIV4-23,S024-2018-DIV4-24,S025-2018-DIV4-25,S026-2018-DIV4-26,S027-2018-DIV4-27,S028-2018-DIV4-28,S029-2018-DIV4-29,S030-2018-DIV4-30,S031-2018-DIV4-31,S032-2018-DIV4-32,S033-2018-DIV4-33,S034-2018-DIV4-34,S035-2018-DIV4-35,S036-2018-DIV4-36,S037-2018-DIV4-37,S038-2018-DIV4-38,S039-2018-DIV4-39,S040-2018-DIV4-40,S041-2018-DIV4-41,S042-2018-DIV4-42,S043-2018-DIV4-43,S044-2018-DIV4-44,S045-2018-DIV4-45,S046-2018-DIV4-46,S047-2018-DIV4-47,S048-2018-DIV4-48,S049-2018-DIV4-49,S050-2018-DIV4-50,S051-2018-DIV4-51,Kingdom,Phylum,Class,Order,Family,Genus,Species,NA
CGTATATTTAAGTTGTTGCAGTTAAAAAGCTCGTAGTTGGATTTCGGGTGGGTTGCAGCGGTCCGCCTCTGGTGAGTACTGCTTCGGCCTACCTTACTGCCGGGGACGGGCTCCTGGGCTTAACTGTCCGGGACTCGGAGTCGGCGAAGTTACTTTGAGGAACTTAGAGTGTTCAAAGCAAGCCTACGCTCTGAATATATTAGCATGGAATAACATGATAGGACTCTGGCCTATCTTGTTGGTCTGTAGGACCGGAGTAATGATTAAGAGGGACAGTCGGGGG,ASV_0005,14979,27,7,0,0,0,0,0,0,11,28,31,72,19,56,253,34,306,385,337,657,757,12732,25,7290,10797,23954,14060,11409,28502,12,13,9,22,0,10,12,10211,8,8,21,7,23,42,32,70,101,98,3487,549,616,2128,2269,4627,2698,6617,2425,8636,983,2136,404,2424,1656,305,29,230,140,143,37,40,1347,24,4,0,0,10,7,0,12,7,7,259,22,59,31,9,13,0,0,20,51,76,148,131,109,411,380,1149,2061,16044,21115,37087,8608,312,601,435,46,56,203,144,553,413,125,178,62,2759,5537,336,122,64,0,11,38,75,0,10676,28310,15320,10774,13605,8640,428,752,203,57,13,0,57,184,20,0,12,5,0,14,0,0,0,0,0,0,0,0,0,0,0,0,0,10,0,0,5,6,0,15,29,158,147,306,368,512,693,1771,2739,4333,Eukaryota,Archaeplastida,Chlorophyta,Chlorophyceae,Chlamydomonadales,Chlamydomonadales_X,Spermatozopsis,Spermatozopsis_similis
CGTATATTTAAGTTGTTGCAGTTAAAAAGCTCGTAGTTGGATTTCGGGTGGGTTGCAGCGGTCCGCCTCTGGTGAGTACTGCTTCGGCCTACCTTACTGCCGGGGACGAGCTCCTGGCCTTCACTGGCTGGGACTCGGAGTCGGCGATGTTACTTTGAGTAAATTAGAGTGTTCAAAGCAAGCCTACGCTCTGAATACATTAGCATGGAATAACATGATAGGACTCTGGCCTATCTTGTTGGTCTGTAGGACCGGAGTAATGATTAAGAGGGACAGTCGGGGG,ASV_0086,424,0,0,0,0,0,0,0,0,0,0,0,32,0,0,0,0,0,0,0,0,26,173,0,60,33,142,252,149,308,0,0,0,0,0,0,0,874,0,0,0,0,0,0,0,0,0,0,705,35,0,0,28,84,67,190,135,894,127,754,51,439,298,22,0,42,25,0,0,7,1061,0,0,0,0,0,0,0,0,0,0,355,0,0,0,0,0,0,0,0,0,0,272,0,0,0,0,11,27,69,172,483,123,252,28,91,22,36,291,169,893,403,48,30,14,189,211,13,19,0,0,0,0,0,0,158,452,292,292,714,770,169,656,338,61,32,5,112,361,19,0,0,0,0,0,0,0,0,0,0,0,0,0,0,0,0,0,0,0,0,0,0,0,0,0,0,0,0,21,23,39,24,124,357,465,Eukaryota,Archaeplastida,Chlorophyta,Chlorophyceae,Chlamydomonadales,Chlamydomonadales_X,Spermatozopsis,Spermatozopsis_similis
CGTATATTTAAGTTGTTGCAGTTAAAAAGCTCGTAGTTGGATTTCGGGTGGGTTGCAGCGGTCCGCCTCTGGTGAGTACTGCTTCGGCCTACCTTACTGCCGGGGACGAGCTCCTGGCCTTCACTGGCTGGGACTCGGAGTCGGCGAAGTTACTTTGAGTAAATTAGAGTGTTCAAAGCAAGCCTACGCATTGAATACATTAGCATGGAATAACATGATAGGACTCTGGCCTATCTTGTTGGTCTGTAGGACCGGAGTAATGATTAAGAGGGACAGTCGGGGG,ASV_0305,0,0,0,0,0,15,26,0,0,12,235,77,0,43,362,649,13,106,113,80,22,24,256,0,71,43,50,0,0,0,0,0,0,20,0,0,0,0,12,0,0,0,0,0,0,16,0,0,0,0,0,0,0,0,0,0,0,0,0,0,0,0,0,0,0,0,0,0,0,0,0,18,0,0,0,0,0,0,0,0,0,0,64,51,9,20,149,8,0,0,0,0,0,0,9,0,0,0,0,0,0,0,0,0,0,0,0,0,0,0,0,0,0,0,0,0,0,0,0,0,0,0,0,0,0,0,0,0,0,0,0,0,0,0,0,0,0,0,0,0,0,0,0,0,0,18,0,0,0,0,0,0,0,0,0,0,0,0,0,0,0,0,0,20,6,30,44,14,0,0,0,0,0,0,33,Eukaryota,Archaeplastida,Chlorophyta,Chlorophyceae,Chlamydomonadales,Chlamydomonadales_X,Spermatozopsis,Spermatozopsis_similis
CGTATATTTAAGTTGTTGCAGTTAAAAAGCTCGTAGTTGGATTTCGGGTGGGTTGCAGCGGTCCGCCTCTGGTGAGTACTGCTTCGGCCTACCTTACTGCCGGGGACGGGCTCCTGGCCTTCACTGGCTGGGACTCGGAGTCGGCGATGTTACTTTGAGTAAATTAGAGTGTTCAAAGCAAGCCTACGCTCTGAATACATTAGCATGGAATAACATGATAGGACTCTGGCCTATCTTGTTGGTCTGTAGGACCGGAGTAATGATTAAGAGGGACAGTCGGGGG,ASV_0311,0,0,0,14,0,23,57,24,19,0,325,41,36,40,325,369,0,20,18,0,0,0,57,0,0,0,0,0,0,0,0,0,0,49,10,0,40,0,26,0,0,25,0,0,0,0,0,0,0,0,0,0,0,0,0,0,0,0,0,0,0,0,0,0,0,0,0,0,0,0,0,0,0,0,0,42,0,22,48,0,0,0,139,35,0,0,308,0,14,0,0,0,0,0,0,0,0,0,0,0,0,0,0,0,0,0,0,0,0,0,0,0,0,0,0,0,0,0,0,0,0,0,0,0,25,0,0,0,0,0,0,0,0,0,0,0,0,0,0,0,0,0,0,0,92,113,172,0,0,23,0,0,25,45,0,0,0,0,0,0,0,0,0,0,0,0,0,0,0,0,0,0,0,0,0,Eukaryota,Archaeplastida,Chlorophyta,Chlorophyceae,Chlamydomonadales,Chlamydomonadales_X,Spermatozopsis,Spermatozopsis_similis
CGTATATTTAAGTTGTTGCAGTTAAAAAGCTCGTAGTTGGATTTCGGGTGGGTTGCAGCGGTCCGCCTCTGGTGAGTACTGCTTCGGCCTACCTTACTGCCGGGGACGGGCTCCTGGCCTTAATTGGCTGGGACTCGGAGTCGGCGATGTTACTTTGAGTAAATTAGAGTGTTCAAAGCAAGCCTACGCTCTGAATACATTAGCATGGAATAACATGATAGGACTCTGGCCTATCTTGTTGGTCTGTAGGACCGGAGTAATGATTAAGAGGGACAGTCGGGGG,ASV_0481,0,0,0,0,0,0,0,0,0,0,72,45,0,28,145,398,14,73,32,0,11,0,67,0,0,0,0,0,0,0,0,0,0,0,0,0,0,0,0,0,0,0,0,0,0,0,0,0,0,0,0,0,0,0,0,0,0,0,0,0,0,0,0,0,0,0,0,0,0,0,0,0,0,0,0,0,0,0,0,0,0,0,38,82,0,0,58,0,0,0,0,0,0,0,0,0,0,0,0,0,0,0,0,0,0,0,0,0,0,0,0,0,0,0,0,0,0,0,0,0,0,0,0,0,0,0,0,0,0,0,0,0,0,0,0,0,0,0,0,0,0,0,0,0,0,0,0,0,0,0,0,0,0,0,0,0,0,0,0,0,0,0,0,0,0,0,0,0,0,0,0,0,0,0,0,Eukaryota,Archaeplastida,Chlorophyta,Chlorophyceae,Chlamydomonadales,Chlamydomonadales_X,Spermatozopsis,Spermatozopsis_similis
CGTATATTTAAGTTGTTGCAGTTAAAAAGCTCGTAGTTGGATTTCGGGTGGGTTGCAGCGGTCCGCCTCTGGTGAGTACTGCTTCGGCCCACCTTACTGCCGGGGACGAGCTCCTGGCCTTCACTGGCTGGGACTCGGAGTCGGCGAAGTTACTTTGAGTAAATTAGAGTGTTCAAAGCAAGCTAGCGCATTGAATACATTAGCATGGAATAACATGATAGGACTCTGGCCTATCTTGTTGGTCTGTAGGACCGGAGTAATGATTAAGAGGGACAGTCGGGGG,ASV_0618,0,0,0,0,0,0,0,0,0,0,0,0,0,0,0,0,0,0,0,0,0,0,0,0,0,0,0,0,0,0,0,0,0,0,0,0,0,21,0,0,0,0,0,0,0,0,0,0,32,0,0,0,0,0,0,14,0,88,0,26,0,61,59,0,0,0,0,0,0,0,45,0,0,0,0,0,0,0,0,0,0,21,0,0,0,0,0,0,0,0,0,0,13,0,0,0,0,0,0,0,11,0,0,40,0,0,0,0,0,0,28,0,0,0,0,12,0,0,0,0,0,0,0,0,0,0,16,0,0,21,40,0,19,0,0,0,0,0,64,0,0,0,0,0,0,0,0,0,0,0,0,0,0,0,0,0,0,0,0,0,0,0,0,0,0,0,0,0,0,0,0,0,0,0,0,Eukaryota,Archaeplastida,Chlorophyta,Chlorophyceae,Chlamydomonadales,Chlamydomonadales_X,Spermatozopsis,Spermatozopsis_similis
CGTATATTTAAGTTGTTGCAGTTAAAAAGCTCGTAGTTGGATTTCGGGTGGGTTGCAGCGGTCCGCCTCTGGTGAGTACTGCTTCGGCCTACCTTACTGCCGGGGACGAGCTCCTGGCCTTAACTGGCTGGGACTCGGAGTCGGCGAAGTTACTTTGAGTAAATTAGAGTGTTCAAAGCAAGCCTACGCTCTGAATACATTAGCATGGAATAACATGATAGGACTCTGGCCTATCTTGTTGGTCTGTAGGACCGGAGTAATGATTAAGAGGGACAGTCGGGGG,ASV_0681,0,0,0,0,0,14,0,9,16,0,106,42,0,30,104,118,0,0,0,0,0,0,0,0,0,0,0,0,0,0,0,0,0,0,0,0,5,0,0,0,0,0,0,0,0,0,0,0,0,0,0,0,0,0,0,0,0,0,0,0,0,0,0,0,0,0,0,0,0,0,0,0,0,0,0,0,0,0,0,0,0,0,34,0,0,0,31,0,0,0,0,0,0,0,0,0,0,0,0,0,0,0,0,0,0,0,0,0,0,0,0,0,0,0,0,0,0,0,0,0,0,0,0,0,0,0,0,0,0,0,0,0,0,0,0,0,0,0,0,0,0,0,0,0,0,0,0,0,0,0,0,0,0,0,0,0,0,0,0,0,0,0,0,0,0,0,0,0,0,0,0,0,0,0,0,Eukaryota,Archaeplastida,Chlorophyta,Chlorophyceae,Chlamydomonadales,Chlamydomonadales_X,Spermatozopsis,Spermatozopsis_similis
CGTATATTTAAGTTGTTGCAGTTAAAAAGCTCGTAGTTGGATTTCGGGTGGGTTGCAGCGGTCCGCCTTTGGTGAGTACTGCTTCGGCCTACCTTACTGCCGGGGACGAGCTCCTGGCCTTCACTGGCCGGGACTCGGAGTCGGCGAAGTTACTTTGAGTAAATTAGAGTGTTCAAAGCAAGCCTACGCATTGAATACATTAGCATGGAATAACATGATAGGACTCTGGCCTATCTTGTTGGTCTGTAGGACCGGAGTAATGATTAAGAGGGACAGTCGGGGG,ASV_0688,0,0,0,0,0,0,0,0,15,0,114,37,0,26,101,111,0,17,0,0,0,0,0,0,0,0,0,0,0,0,0,0,0,0,0,0,8,0,0,0,0,0,0,0,0,0,0,0,0,0,0,0,0,0,0,0,0,0,0,0,0,0,0,0,0,0,0,0,0,0,0,0,0,0,0,0,0,0,0,0,0,0,0,30,0,0,24,0,0,0,0,0,0,0,0,0,0,0,0,0,0,0,0,0,0,0,0,0,0,0,0,0,0,0,0,0,0,0,0,0,0,0,0,0,0,0,0,0,0,0,0,0,0,0,0,0,0,0,0,0,0,0,0,0,0,0,0,0,0,0,0,0,0,0,0,0,0,0,0,0,0,0,13,0,0,0,0,0,0,0,0,0,0,0,0,Eukaryota,Archaeplastida,Chlorophyta,Chlorophyceae,Chlamydomonadales,Chlamydomonadales_X,Spermatozopsis,Spermatozopsis_similis
CGTATATTTAAGTTGTTGCAGTTAAAAAGCTCGTAGTTGGATTTCGGGTGGGTTGCAGCGGTCCGCCTTCGGTGAGTACTGCTTCGGCCTACCTTACTGCCGGGGACGAGCTCCTGGCCTTCACTGGCTGGGACTCGGAGTCGGCGAAGTTACTTTGAGTAAATTAGAGTGTTCAAAGCAAGCCTACGCATTGAATACATTAGCATGGAATAACATGATAGGACTCTGGCCTATCTTGTTGGTCTGTAGGACCGGAGTAATGATTAAGAGGGACAGTCGGGGG,ASV_0808,0,0,0,0,0,0,0,0,0,0,90,23,0,17,116,111,0,0,0,0,0,0,0,0,0,0,0,0,0,0,0,0,0,0,0,0,0,0,0,0,0,0,0,0,0,0,0,0,0,0,0,0,0,0,0,0,0,0,0,0,0,0,0,0,0,0,0,0,0,0,0,0,0,0,0,0,0,0,0,0,0,0,0,0,0,0,0,0,0,0,0,0,0,0,0,0,0,0,0,0,0,0,0,0,0,0,0,0,0,0,0,0,0,0,0,0,0,0,0,0,0,0,0,0,0,0,0,0,0,0,0,0,0,0,0,0,0,0,0,0,0,0,0,0,0,0,0,0,0,0,0,0,0,0,0,0,0,0,0,0,0,0,0,0,0,0,0,0,0,0,0,0,0,0,0,Eukaryota,Archaeplastida,Chlorophyta,Chlorophyceae,Chlamydomonadales,Chlamydomonadales_X,Spermatozopsis,Spermatozopsis_similis
CGTATATTTAAGTTGTTGCAGTTAAAAAGCTCGTAGTTGGATTTCGGGTGGGTTGCAGCGGTCCGCCTCTGGTGAGTACTGCTTCGGCCTACCTTACTGCCGGGGACGGGCTCCTGGGCTTAACTGTCTGGGACTCGGAGTCGGCGAAGTTACTTTGAGGAACTTAGAGTGTTCAAAGCAAGCCTACGCTCTGAATATATTAGCATGGAATAACATGATAGGACTCTGGCCTATCTTGTTGGTCTGTAGGACCGGAGTAATGATTAAGAGGGACAGTCGGGGG,ASV_0872,0,0,0,0,0,0,0,0,0,0,0,0,0,0,0,0,0,0,0,0,0,0,0,0,0,0,0,0,0,0,0,0,0,0,0,0,0,124,0,0,0,0,0,0,0,0,0,0,82,0,0,0,0,0,0,0,0,0,0,83,0,0,0,0,0,0,0,0,0,0,0,0,0,0,0,0,0,0,0,0,0,0,0,0,0,0,0,0,0,0,0,0,0,0,0,0,0,0,0,0,0,0,0,0,0,0,0,0,0,0,0,0,0,0,0,0,0,0,0,0,0,0,0,0,0,0,0,0,0,0,0,0,0,0,0,0,0,0,0,0,0,0,0,0,0,0,0,0,0,0,0,0,0,0,0,0,0,0,0,0,0,0,0,0,0,0,0,0,0,0,0,0,0,0,0,Eukaryota,Archaeplastida,Chlorophyta,Chlorophyceae,Chlamydomonadales,Chlamydomonadales_X,Spermatozopsis,Spermatozopsis_similis
CGTATATTTAAGTTGTTGCAGTTAAAAAGCTCGTAGTTGGATTTCGGGTGGGTTGCAGCGGTCCGCCTCTGGTGAGTACTGCTTCGGCCTACCTTACTGTCGGGGACGGGCTCCTGGGCTTAACTGTCCGGGACTCGGAGTCGGCGAAGTTACTTTGAGGAACTTAGAGTGTTCAAAGCAAGCCTACGCTCTGAATATATTAGCATGGAATAACATGATAGGACTCTGGCCTATCTTGTTGGTCTGTAGGACCGGAGTAATGATTAAGAGGGACAGTCGGGGG,ASV_0958,0,0,0,0,0,0,0,0,0,0,0,0,0,0,0,0,0,0,0,0,0,0,0,0,0,0,0,0,0,0,0,0,0,0,0,0,0,0,0,0,0,0,0,0,0,0,0,0,0,0,0,0,0,0,0,0,0,0,0,0,0,0,0,0,0,0,0,0,0,0,0,0,0,0,0,0,0,0,0,0,0,0,0,0,0,0,0,0,0,0,0,0,0,0,0,0,0,0,0,0,0,226,0,0,0,0,0,0,0,0,0,0,0,0,0,0,0,0,0,0,0,0,0,0,0,0,0,0,0,0,0,0,0,0,0,0,0,0,0,0,0,0,0,0,0,0,0,0,0,0,0,0,0,0,0,0,0,0,0,0,0,0,0,0,0,0,0,0,0,0,0,0,0,0,0,Eukaryota,Archaeplastida,Chlorophyta,Chlorophyceae,Chlamydomonadales,Chlamydomonadales_X,Spermatozopsis,Spermatozopsis_similis
CGTATATTTAAGTTGTTGCAGTTAAAAAGCTCGTAGTTGGATTTCGGGTGGGTTGCAGCGGTCCGCCTCTGGTGAGTACTGCTTCGGCCTACCTTACTGCCGGGGACGAGCTCCTGGCCTTCACTGGCTGGGACTCGGAGTCGGCGATGTTACTTTGAGTAAATTAGAGTGTTCAAAGCAAGCTAGCGCATTGAATACATTAGCATGGAATAACATGATAGGACTCTGGCCTATCTTGTTGGTCTGTAGGACCGGAGTAATGATTAAGAGGGACAGTCGGGGG,ASV_1006,9,0,0,0,0,0,0,0,0,0,0,0,1,0,0,0,0,0,0,0,0,0,9,0,0,7,0,10,0,11,0,0,0,0,0,0,0,1,0,0,0,0,0,0,0,0,0,0,2,0,0,0,0,0,0,0,13,2,6,7,0,1,0,0,0,0,0,0,0,0,5,0,0,0,0,0,0,0,0,0,0,3,0,0,0,0,0,0,0,0,0,0,5,0,0,0,0,0,0,0,0,0,0,1,0,0,0,0,7,0,0,12,5,6,0,7,20,0,0,0,0,0,0,0,0,5,2,9,11,3,0,4,3,0,0,0,0,5,2,0,0,0,0,0,0,0,0,0,0,0,0,0,0,0,0,0,0,0,0,0,0,0,0,0,0,0,0,0,2,0,0,0,0,7,0,Eukaryota,Archaeplastida,Chlorophyta,Chlorophyceae,Chlamydomonadales,Chlamydomonadales_X,Spermatozopsis,Spermatozopsis_similis
CGTATATTTAAGTTGTTGCAGTTAAAAAGCTCGTAGTTGGATTTCGGGTGGGTTGCAGCGGTCCGCCTCTGGTGAGTACTGCTTCGGCCTACCTTACTGCCGGGGACGAGCTCCTGGCCTTCACTGGCTGGGACTCGGAGTCGGCGATGTTACTTTGAGTAAATTAGAGTGTTCAAAGCAAGCCTACGCATTGAATACATTAGCATGGAATAACATGATAGGACTCTGGCCTATCTTGTTGGTCTGTAGGACCGGAGTAATGATTAAGAGGGACAGTCGGGGG,ASV_1213,20,0,0,0,0,0,0,0,0,0,0,0,0,0,0,0,0,0,0,0,0,0,1,0,3,1,5,16,0,14,0,0,0,0,0,0,0,0,0,0,0,0,0,0,0,0,0,0,0,14,0,0,0,0,0,0,0,0,0,0,0,0,0,0,0,0,0,0,0,0,0,0,0,0,0,0,0,0,0,0,0,0,0,0,0,0,0,0,0,0,0,0,0,0,0,7,0,7,0,0,0,0,0,0,0,0,0,0,0,0,0,0,0,0,0,0,0,0,0,0,0,0,0,0,0,0,0,0,0,0,0,0,0,0,0,0,0,0,0,0,0,0,0,0,0,0,0,0,0,0,0,0,0,0,0,0,0,0,0,0,0,0,0,0,0,0,0,0,9,14,0,0,17,0,0,Eukaryota,Archaeplastida,Chlorophyta,Chlorophyceae,Chlamydomonadales,Chlamydomonadales_X,Spermatozopsis,Spermatozopsis_similis
CGTATATTTAAGTTGTTGCAGTTAAAAAGCTCGTAGTTGGATTTCGGGTGGGTTGCAGCGGTCCGCCTCTGGTGAGTACTGCTTCGGCCTACCTTACTGTTGGGGACGGGCTCCTGGGCTTAACTGTCCGGGACTCGGAGTCGGCGAAGTTACTTTGAGGAACTTAGAGTGTTCAAAGCAAGCCTACGCTCTGAATATATTAGCATGGAATAACATGATAGGACTCTGGCCTATCTTGTTGGTCTGTAGGACCGGAGTAATGATTAAGAGGGACAGTCGGGGG,ASV_1236,0,0,0,0,0,0,0,0,0,0,0,0,0,0,0,0,0,0,0,0,0,0,31,0,0,0,0,0,0,0,0,0,0,0,0,0,0,0,0,0,0,0,0,0,0,0,0,0,0,0,0,0,0,0,0,0,0,0,0,0,0,0,0,0,0,0,0,0,0,0,0,0,0,0,0,0,0,0,0,0,0,0,0,0,0,0,0,0,0,0,0,0,0,0,0,0,0,0,0,0,0,0,0,0,0,0,0,0,0,0,0,0,0,0,0,0,0,0,0,0,0,0,0,0,0,0,0,0,0,0,0,0,0,0,0,0,0,0,0,0,0,0,0,0,0,0,0,0,0,0,0,0,0,0,0,0,0,0,0,0,0,0,0,0,0,0,0,0,0,0,0,0,21,31,39,Eukaryota,Archaeplastida,Chlorophyta,Chlorophyceae,Chlamydomonadales,Chlamydomonadales_X,Spermatozopsis,Spermatozopsis_similis
CGTATATTTAAGTTGTTGCAGTTAAAAAGCTCGTAGTTGGATTTCGGGTGGGTTGCAGCGGTCCGCCTCTGGTGAGTACTGCTTCGGCCTACCTTACTGCCGGGGACGAGCTCCTGGCCTTCACTGGCTGGGACTCGGAGTCGGCGAAGTTACTTTGAGTAAATTAGAGTGTTCAAAGCAAGCCTACGCTCTGAATACATTAGCATGGAATAACATGATAGGACTCTGGCCTATCTTGTTGGTCTGTAGGACCGGAGTAATGATTAAGAGGGACAGTCGGGGG,ASV_1297,0,0,0,0,0,0,8,0,0,0,1,1,0,0,1,3,7,12,7,0,4,1,2,0,1,0,0,0,0,0,0,0,0,0,0,0,0,0,3,0,0,0,0,0,0,12,0,0,0,0,0,0,0,0,0,0,0,0,0,0,0,0,0,0,0,0,0,0,0,0,0,11,0,0,0,0,0,0,0,0,0,0,0,15,0,0,1,0,0,0,0,0,0,0,0,0,0,0,0,0,0,0,0,0,0,0,0,0,0,0,0,0,0,0,0,0,0,0,0,0,0,0,0,0,0,0,0,0,0,0,0,0,0,0,0,0,0,0,0,0,0,0,0,0,0,3,0,0,0,3,0,0,0,0,0,0,0,0,0,0,0,0,0,0,0,14,0,0,0,0,0,0,0,0,0,Eukaryota,Archaeplastida,Chlorophyta,Chlorophyceae,Chlamydomonadales,Chlamydomonadales_X,Spermatozopsis,Spermatozopsis_similis
