,ASV_ID,S291.DIV4.Paradapt.1,S292.DIV4.Paradapt.2,S293.DIV4.Paradapt.3,S294.DIV4.Paradapt.4,S295.DIV4.Paradapt.5,S296.DIV4.Paradapt.6,S297.DIV4.Paradapt.7,S298.DIV4.Paradapt.8,S299.DIV4.Paradapt.9,S300.DIV4.Paradapt.10,S301.DIV4.Paradapt.11,S302.DIV4.Paradapt.12,S303.DIV4.Paradapt.13,S304.DIV4.Paradapt.14,S305.DIV4.Paradapt.15,S306.DIV4.Paradapt.16,S307.DIV4.Paradapt.17,S308.DIV4.Paradapt.18,S309.DIV4.Paradapt.19,S310.DIV4.Paradapt.20,S311.DIV4.Paradapt.21,S312.DIV4.Paradapt.22,S313.DIV4.Paradapt.23,S314.DIV4.Paradapt.24,S315.DIV4.Paradapt.25,S316.DIV4.Paradapt.26,S317.DIV4.Paradapt.27,S318.DIV4.Paradapt.28,S319.DIV4.Paradapt.29,S320.DIV4.Paradapt.30,S321.DIV4.Paradapt.31,S322.DIV4.Paradapt.32,S323.DIV4.Paradapt.33,S324.DIV4.Paradapt.34,S325.DIV4.Paradapt.35,S326.DIV4.Paradapt.36,S327.DIV4.Paradapt.37,S328.DIV4.Paradapt.38,S329.DIV4.Paradapt.39,S330.DIV4.Paradapt.40,S331.DIV4.Paradapt.41,Kingdom,Phylum,Class,Order,Family,Genus,Species,NA
CGTATACTAAAGTTGTTGCAGTTAAAAAGCTCGTAGTTGAATTTCTGGTCGTGGCAGCTGGTCCGCCTCGCAAGGGGTGAGTACCTGGTTGTTGCGTCCATCCTCGGGGAGAGCATGCCTGGCATTCAGTTGTCGGGTATGGGACCCCCGTCATTTACTGTGAGCAAAATAGAGTGTTCAAAGCAGGCTTAGGCCGTTGAATACATTAGCATGGAATAATAAAATAGGACCTCGGTTTATTTTGTTGGTTTGTATTCCAAGGTAATGATTAATAGGGACAGTTGGGGG,ASV_0014,2564,97,267,114,371,124,65,0,0,67,3321,6306,545,2321,1143,0,0,0,0,0,0,0,0,121,0,0,0,0,0,31,244,0,0,0,18,359,105,1560,784,593,0,Eukaryota,Stramenopiles,Ochrophyta,Chrysophyceae,Chrysophyceae_X,Chrysophyceae_Clade-F,Chrysophyceae_Clade-F_X,Chrysophyceae_Clade-F_X_sp.
CGTATACTAAAGTTGTTGCAGTTAAAAAGCTCGTAGTTGAATTTCTGGTCGTGGCGATCGGTCCGCCCCTCACGGGGTGTGCACCAGGTCTCTACGTCCATCCTCGGGGAGAGCACGTCTGGCATTTAGTTGTCGGGCGTGGGATCCTCGTCATTTACTGTGAGCAAAATAGAGTGTTCAAAGCAGGCTTAGGCCGTTGAATACATTAGCATGGAATAATAAGATAGGACCTTGGTCTATTTTGTTGGTTTGCATTCCAAGGTAATGATTAATAGGGATAGTTGGGGG,ASV_0017,1187,155,469,2642,6104,105,219,137,68,266,92,41,402,0,60,354,37,2179,0,0,0,200,921,361,0,0,85,0,21,0,7,0,90,796,0,224,19,19,567,109,0,Eukaryota,Stramenopiles,Ochrophyta,Chrysophyceae,Chrysophyceae_X,Chrysophyceae_Clade-F,Chrysophyceae_Clade-F_X,Chrysophyceae_Clade-F_X_sp.
CGTATACTAAAGTTGTTGCAGTTAAAAAGCTCGTAGTTGAATTTCTGGTCGTGGCAATCGGTCCGCCCTTCACTGGGTGAGTACCAGGTTTCTGCGGCCATCCTCGGGGAGAGCACATCGGGCATTAAGTTGTCTGGTGTGGGATCCTCGTCCTTTACTGTGAGCAAAATAGAGTGTTCAAAGCAGGCTTAGGCCGTTGAATACATTAGCATGGAATAATAAGATAGGACCTTGGTCTATTTTGTTGGTTTGTTTTCCAAGGTAATGATTAATAGGGATAGTTGGGGG,ASV_0018,70,1650,98,115,262,70,628,211,4266,3692,21,45,46,7,46,275,85,27,2424,18,91,36,2077,21,430,15,91,0,17,0,18,0,17,94,18,0,14,0,16,0,0,Eukaryota,Stramenopiles,Ochrophyta,Chrysophyceae,Chrysophyceae_X,Chrysophyceae_Clade-F,Chrysophyceae_Clade-F_X,Chrysophyceae_Clade-F_X_sp.
CGTATACTAAAGTTGTTGCAGTTAAAAAGCTCGTAGTTGAATTTCTGGTCGTGGCAACTGGTCCGCCTCGCAAGGGGTGAGTACCTGGTTGTTGCGTCCATCCTCGGGGAGAGCATGCCTGGCATTCAGTTGTCGGGTATGGGACCCCCGTCATTTACTGTGAGCAAAATAGAGTGTTCAAAGCAGGCTTAGGCCGTTGAATACATTAGCATGGAATAATAAAATAGGACCTCGGTTTATTTTGTTGGTTTGTATTCCAAGGTAATGATTAATAGGGACAGTTGGGGG,ASV_0059,0,0,0,0,0,0,0,0,0,0,814,2589,79,588,170,0,0,0,6,0,0,0,0,0,0,0,0,0,17,0,0,0,0,0,0,82,438,0,172,200,0,Eukaryota,Stramenopiles,Ochrophyta,Chrysophyceae,Chrysophyceae_X,Chrysophyceae_Clade-F,Chrysophyceae_Clade-F_X,Chrysophyceae_Clade-F_X_sp.
CGTATACTAAAGTTGTTGCAGTTAAAAAGCTCGTAGTTGAATTTCTGGTCGTGGCAGCTGGTCCGCCTCGAAAGGGGTGTGTACTTGGTTGTTGCGTCCATCCTCGGGGAGAGCACATCTGGCATTCAGTTGTCGGGTGTGGGACCCTCGTCATTTACTGTGAGCAAAATAGAGTGTTCAAAGCAGGCTTAGGCCGTTGAATACATTAGCATGGAATAATAAAATAGGACCTCGGTTTATTTTGTTGGTTTGTATTCCAAGGTAATGATTAATAGGGACAGTTGGGGG,ASV_0079,1294,21,193,112,432,115,38,81,238,430,114,17,41,0,0,0,10,0,0,0,0,0,0,67,40,0,0,91,16,0,37,0,181,60,0,16,56,0,26,0,0,Eukaryota,Stramenopiles,Ochrophyta,Chrysophyceae,Chrysophyceae_X,Chrysophyceae_Clade-F,Chrysophyceae_Clade-F_X,Chrysophyceae_Clade-F_X_sp.
CGTATACTAAAGTTGTTGCAGTTAAAAAGCTCGTAGTTGAATTTCTGGTCGTGGCGATCGGTCCGCCCCTCACGGGGTGTGCACCAGGTCTCTACGTCCATCCTCGGGGAGAGCACGTCTGGCATTCAGTTGTCGGGCGTGGGATCCTCGTCATTTACTGTGAGCAAAATAGAGTGTTCAAAGCAGGCTTAGGCCGTTGAATACATTAGCATGGAATAATAAGATAGGACCTTGGTCTATTTTGTTGGTTTGCATTCCAAGGTAATGATTAATAGGGATAGTTGGGGG,ASV_0123,146,0,175,167,393,0,119,0,0,0,0,0,0,0,0,105,0,383,0,0,0,0,97,0,0,0,0,8,0,0,0,249,0,105,0,305,0,0,0,0,0,Eukaryota,Stramenopiles,Ochrophyta,Chrysophyceae,Chrysophyceae_X,Chrysophyceae_Clade-F,Chrysophyceae_Clade-F_X,Chrysophyceae_Clade-F_X_sp.
CGTATACTAAAGTTGTTGCAGTTAAAAAGCTCGTAGTTGAATTTCTGGTCGTGGCAGCTGGTCCGCCTCGCAAGGGGTGTGTACCTGGTTGTTGCGTCCATCCTCGGGGAGAGCATGCCTGGCATTCAGTTGTCGGGTATGGGACCCCCGTCATTTACTGTGAGCAAAATAGAGTGTTCAAAGCAGGCTTAGGCCGTTGAATACATTAGCATGGAATAATAAAATAGGACCTCGGTTTATTTTGTTGGTTTGTATTCCAAGGTAATGATTAATAGGGACAGTTGGGGG,ASV_0130,0,0,0,0,0,0,0,0,0,0,487,1137,106,226,0,0,0,0,0,0,0,0,0,0,0,0,0,0,0,0,0,0,0,0,0,0,0,0,173,0,0,Eukaryota,Stramenopiles,Ochrophyta,Chrysophyceae,Chrysophyceae_X,Chrysophyceae_Clade-F,Chrysophyceae_Clade-F_X,Chrysophyceae_Clade-F_X_sp.
CGTATACTAAAGTTGTTGCAGTTAAAAAGCTCGTAGTTGAATTTCTGGTCGTGGCAGCTGGTCCGCCTCGAAAGAGGTGTGTACCTGGTTGTTGCGTCCATCCTCGGGGAGAGCGTGTCTGGCATTCAGTTGTCGGGCTCGGGACCCCCGTCATTTACTGTGAGCAAAATAGAGTGTTCAAAGCAGGCTTAGGCCGTTGAATACATTAGCATGGAATAATAAAATAGGACCTCGGTTTATTTTGTTGGTTTGTATTCCAAGGTAATGATTAATAGGGATAGTTGGGGG,ASV_0164,0,0,0,0,0,0,0,0,0,0,54,113,12,22,0,0,0,0,0,0,0,0,0,0,0,0,0,0,0,0,0,0,0,0,0,154,1185,91,18,25,0,Eukaryota,Stramenopiles,Ochrophyta,Chrysophyceae,Chrysophyceae_X,Chrysophyceae_Clade-F,Chrysophyceae_Clade-F_X,Chrysophyceae_Clade-F_X_sp.
CGTATACTAAAGTTGTTGCAGTTAAAAAGCTCGTAGTTGAATTTCTGGTCGTGGAGATCGGTCCGTCCCTCACGGGATGTGCACCAGGTCTCTACGTCCATCCTCGAGGAGAGCACATCTGGCATTCAGTTGTCGGGTGTGGGATCCTCGTCATTTACTGTGAGCAAAATAGAGTGTTCAAAGCAGGCTTAGGCCGTTGAATACATTAGCATGGAATAATAAGATAGGACCTTGGTCTATTTTGTTGGTTTGCATTCCAAGGTAATGATTAATAGGGATAGTTGGGGG,ASV_0186,0,99,0,0,603,0,22,94,0,0,0,0,0,0,0,0,0,0,417,17,0,0,0,49,195,17,0,0,0,0,0,0,0,0,8,0,0,0,0,0,0,Eukaryota,Stramenopiles,Ochrophyta,Chrysophyceae,Chrysophyceae_X,Chrysophyceae_Clade-F,Chrysophyceae_Clade-F_X,Chrysophyceae_Clade-F_X_sp.
CGTATACTAAAGTTGTTGCAGTTAAAAAGCTCGTAGTTGAATTTCTGGTCGTGGCAGCTGGTCCGCCTCGAAAGGGGTGTGTACTTGGTTGTAGCGTCCATCCTCGGGGAGAGCACATCTGGCATTAATTTGTTGGGTGTGGGACCCCCGTCATTTACTGTGAGCAAAATAGAGTGTTCAAAGCAGGCTTAGGCCGTTGAATACATTAGCATGGAATAATAAAATAGGACCTCGGTTTATTTTGTTGGTTTATATTCCAAGGTAATGATTAATAGGGACAGTTGGGGG,ASV_0192,47,0,0,0,0,0,0,18,0,153,0,0,0,0,0,51,0,654,0,13,0,10,96,25,0,0,9,0,58,0,114,107,18,35,0,0,0,0,0,0,0,Eukaryota,Stramenopiles,Ochrophyta,Chrysophyceae,Chrysophyceae_X,Chrysophyceae_Clade-F,Chrysophyceae_Clade-F_X,Chrysophyceae_Clade-F_X_sp.
CGTATACTAAAGTTGTTGCAGTTAAAAAGCTCGTAGTTGAATTTCTGGTCGTGTCAGCTGGTCCGCCTCGCAAGGGGTGAGTACCTGGTTGATGCGTCCATCCTCGGGGAGAGCATGCCTGTCATTAATTTGTTGGGTATGGGACCCCCGTCATTTACTGTGAGCAAAATAGAGTGTTCAAAGCAGGCTTAGGCCGTTGAATACATTAGCATGGAATAATAAAATAAGACCTCGGTTTATTTTGTTGGTTTGTATTCCAAGGTAATGATTAATAGGGACAGTTGGGGG,ASV_0197,236,79,109,160,110,51,0,39,0,0,114,66,59,32,0,0,0,6,0,0,0,0,53,0,0,0,0,13,0,0,0,0,0,0,71,31,57,0,90,0,0,Eukaryota,Stramenopiles,Ochrophyta,Chrysophyceae,Chrysophyceae_X,Chrysophyceae_Clade-F,Chrysophyceae_Clade-F_X,Chrysophyceae_Clade-F_X_sp.
CGTATACTAAAGTTGTTGCAGTTAAAAAGCTCGTAGTTGAATTTCTGGTCGTGGCAACTGGTCCGCCTCGCAAGGGGTGAGTACCTGGTTGTTGCGTCCATCCTCGGGGAGAGCATGCCTGGCATTCAGTTGTCGGGTATGGGACCTCCGTCATTTACTGTGAGCAAAATAGAGTGTTCAAAGCAGGCTTAGGCCGTTGAATACATTAGCATGGAATAATAAAATAGGACCTCGGTTTATTTTGTTGGTTTGTATTCCAAGGTAATGATTAATAGGGACAGTTGGGGG,ASV_0237,0,0,0,0,0,0,0,0,0,0,0,633,0,170,0,0,0,0,0,0,0,0,0,0,0,0,0,0,0,0,0,0,0,0,0,0,173,0,0,74,0,Eukaryota,Stramenopiles,Ochrophyta,Chrysophyceae,Chrysophyceae_X,Chrysophyceae_Clade-F,Chrysophyceae_Clade-F_X,Chrysophyceae_Clade-F_X_sp.
CGTATACTAAAGTTGTTGCAGTTAAAAAGCTCGTAGTTGAATTTCTGGTCGTGGCAGCTGGTCCGCCTCGCAAGGGGTGAGTACCTGGTTGTTGCGTCCATCCTCGGGGAGAGCATGCCTGGCATTTAGTTGTCGGGTATGGGACCCCCGTCATTTACTGTGAGCAAAATAGAGTGTTCAAAGCAGGCTTAGGCCGTTGAATACATTAGCATGGAATAATAAAATAGGACCTCGGTTTATTTTGTTGGTTTGTATTCCAAGGTAATGATTAATAGGGACAGTTGGGGG,ASV_0254,0,0,0,0,0,0,0,0,0,0,819,0,0,0,0,0,0,0,0,0,0,0,0,0,0,0,0,0,0,0,0,0,0,0,0,0,0,0,125,0,0,Eukaryota,Stramenopiles,Ochrophyta,Chrysophyceae,Chrysophyceae_X,Chrysophyceae_Clade-F,Chrysophyceae_Clade-F_X,Chrysophyceae_Clade-F_X_sp.
CGTATACTAAAGTTGTTGCAGTTAAAAAGCTCGTAGTTGAATTTCTGGTCGTGGCAGTCGGTCCGTCCCTCACGGGGTGTGTACCTGGCTTCTGCAGCCATCCTCGTGGAGAGCACATCTGACATTCAGTTGCCGGGTGTGGGATCCACGTCATTTACTGTGAGCAAAATAGAGTGTTCAAAGCAGGCTTAGGCCGTTGAATACATTAGCATGGAATAATAAGATAGGACCTTGGTCTATTTTGTTGGTTTGTACTCCAAGGTAATGATTAATAGGGATAGTTGGGGG,ASV_0287,0,8,74,21,333,21,0,6,0,0,73,10,28,17,0,0,0,0,0,0,0,0,0,50,0,0,0,0,0,0,0,0,0,0,10,12,0,0,25,134,0,Eukaryota,Stramenopiles,Ochrophyta,Chrysophyceae,Chrysophyceae_X,Chrysophyceae_Clade-F,Chrysophyceae_Clade-F_X,Chrysophyceae_Clade-F_X_sp.
CGTATACTAAAGTTGTTGCAGTTAAAAAGCTCGTAGTTGAATTTCTGGTCGTGTCAGCTGGTCCGCCTCGCAAGGGGTGTGTACCTGGTTGATGCGTCCATCCTCGGGGAGAGCATGCCTGTCATTAATTTGTTGGGTATGGGACCCCCGTCATTTACTGTGAGCAAAATAGAGTGTTCAAAGCAGGCTTAGGCCGTTGAATACATTAGCATGGAATAATAAAATAAGACCTCGGTTTATTTTGTTGGTTTGTATTCCAAGGTAATGATTAATAGGGACAGTTGGGGG,ASV_0291,0,58,68,0,184,0,44,87,0,0,106,0,54,0,21,13,0,0,0,0,0,0,0,30,0,0,12,0,0,0,0,49,0,0,0,0,0,0,0,87,0,Eukaryota,Stramenopiles,Ochrophyta,Chrysophyceae,Chrysophyceae_X,Chrysophyceae_Clade-F,Chrysophyceae_Clade-F_X,Chrysophyceae_Clade-F_X_sp.
CGTATACTAAAGTTGTTGCAGTTAAAAAGCTCGTAGTTGAATTTCTGGTCGTGGCAGCTGGTCCGCCTCGAAAGGGGTGTGTACTTGGTTGTTGCGTCCATCCTCGGGGAGAGCGCATCTGGCATTCACTTGTCGGGTGTGGGACCCTCGTCATTTACTGTGAGCAAAATAGAGTGTTCAAAGCAGGCTTAGGCCGTTGAATACATTAGCATGGAATAATAAAATAGGACCTCGGTTTATTTTGTTGGTTTGTATTCCAAGGTAATGATTAATAGGGACAGTTGGGGG,ASV_0304,0,0,0,0,0,0,0,0,0,0,0,0,0,0,0,0,0,0,0,0,0,0,0,0,0,0,0,0,0,0,0,0,0,0,0,0,381,332,0,53,0,Eukaryota,Stramenopiles,Ochrophyta,Chrysophyceae,Chrysophyceae_X,Chrysophyceae_Clade-F,Chrysophyceae_Clade-F_X,Chrysophyceae_Clade-F_X_sp.
CGTATACTAAAGTTGTTGCAGTTAAAAAGCTCGTAGTTGAATTTCTGGTCGTGGCAGCTGGTCCGCCTCGAAAGGGGTGTGTACTTGGTTGTTGCGTCCATCCTCGGGGAGAGCACATCTGGCATTCACTTGTCGGGTGTGGGACCCTCGTCATTTACTGTGAGCAAAATAGAGTGTTCAAAGCAGGCTTAGGCCGTTGAATACATTAGCATGGAATAATAAAATAGGACCTCGGTTTATTTTGTTGGTTTGTATTCCAAGGTAATGATTAATAGGGACAGTTGGGGG,ASV_0315,0,0,0,0,0,0,0,0,0,0,0,0,0,26,0,0,0,0,0,0,0,0,0,0,0,0,0,0,0,0,0,0,0,0,0,0,302,333,0,51,0,Eukaryota,Stramenopiles,Ochrophyta,Chrysophyceae,Chrysophyceae_X,Chrysophyceae_Clade-F,Chrysophyceae_Clade-F_X,Chrysophyceae_Clade-F_X_sp.
CGTATACTAAAGTTGTTGCAGTTAAAAAGCTCGTAGTTGAATTTCTGGTCGTGGCAGCCGGTCCGCTCCTCGCGGAGTGTGCACCTGGTTTCTGCAGCCATCCTCGCGGAGAGCACATCTGACATTAAGTTGTCGGGTGTGGGATCCGCGTCATTTACTGTGAGCAAAATAGAGTGTTCAAAGCAGGCTTAGGCCGTTGAATACATTAGCATGGAATAATAAGATAGGACCTTGGTCTATTTTGTTGGTTTGTACTCCAAGGTAATGATTAATAGGGATAGTTGGGGG,ASV_0358,0,9,0,195,286,19,8,0,0,0,0,0,0,0,0,10,0,0,0,0,0,16,0,0,17,0,0,0,0,0,0,0,0,0,0,0,0,0,0,0,0,Eukaryota,Stramenopiles,Ochrophyta,Chrysophyceae,Chrysophyceae_X,Chrysophyceae_Clade-F,Chrysophyceae_Clade-F_X,Chrysophyceae_Clade-F_X_sp.
CGTATACTAAAGTTGTTGCAGTTAAAAAGCTCGTAGTTGAATTTCTGGTCGTGGCAGCTGGTCCGCCTCGAAAGGGGTGTGTACTTGGTTGTTGCGTCCATCCTCGGGGAGAGCGCATCTGGCATTCAGTTGTCGGGTGCGGGACCCTCGTCATTTACTGTGAGCAAAATAGAGTGTTCAAAGCAGGCTTAGGCCGTTGAATACATTAGCATGGAATAATAAAATAGGACCTCGGTTTATTTTGTTGGTTTGTATTCCAAGGTAATGATTAATAGGGACAGTTGGGGG,ASV_0387,0,0,48,0,0,21,0,219,0,0,70,0,0,0,39,0,0,0,0,0,0,0,0,21,0,0,0,0,0,0,22,0,0,0,26,0,0,0,0,0,0,Eukaryota,Stramenopiles,Ochrophyta,Chrysophyceae,Chrysophyceae_X,Chrysophyceae_Clade-F,Chrysophyceae_Clade-F_X,Chrysophyceae_Clade-F_X_sp.
CGTATACTAAAGTTGTTGCAGTTAAAAAGCTCGTAGTTGAATTTCTGGACAAGGTAGTTGGTCCGCTCCTAACGGGGTGTGTACCATACTTTCTCGTTCATCCTCGGGGAGAGCATATCTGGTATTCATTTATCGGGTATGGGATCCTCGTCATTTACTGTGAGCAAAATAGAGTGTTCAAAGCAGGCTTAGGCCGTTGAATACATTAGCATGGAATAATAAGATAAGACCTTGGTCTATTTTGTTGGTTTGCATTCCAAGGTAATGATTAATAGGGATAGTTGGGGG,ASV_0391,41,9,22,0,48,0,0,20,0,21,0,0,0,0,0,0,74,9,0,17,36,0,0,0,0,110,4,0,0,0,0,46,0,0,0,0,0,0,0,0,0,Eukaryota,Stramenopiles,Ochrophyta,Chrysophyceae,Chrysophyceae_X,Chrysophyceae_Clade-F,Chrysophyceae_Clade-F_X,Chrysophyceae_Clade-F_X_sp.
